{
  "allFiles": [
    {
      "file": "/storage/emulated/0/Download/Telegram/SNOWMAN/build.gradle",
      "selection": {
        "end": {
          "column": 0,
          "index": 0,
          "line": 0
        },
        "start": {
          "column": 0,
          "index": 0,
          "line": 0
        }
      }
    },
    {
      "file": "/storage/emulated/0/Download/Telegram/SNOWMAN/app/build.gradle",
      "selection": {
        "end": {
          "column": 29,
          "index": 2374,
          "line": 103
        },
        "start": {
          "column": 29,
          "index": 2374,
          "line": 103
        }
      }
    }
  ],
  "selectedFile": "/storage/emulated/0/Download/Telegram/SNOWMAN/app/build.gradle"
}